game,135099
play,35919
fun,20645
friend,10874
love,10046
people,9836
thing,9361
lot,8779
robux,8246
problem,7966
star,7848
please,7787
time,7573
fix,6677
bug,5242
get,5216
year,5113
pls,4570
day,4514
work,4358
lag,4191
glitch,4023
phone,3665
amaze,3637
try,3509
account,3414
screen,3405
download,3369
thank,3017
money,2944
kid,2902
player,2886
way,2750
hacker,2693
experience,2610
alot,2529
world,2457
avatar,2445
something,2444
stuff,2406
join,2405
change,2390
rate,2319
camera,2186
move,2173
guy,2140
reason,2138
use,2087
life,2072
dont,2028
everything,2024
everyone,1968
cool,1929
thanks,1923
help,1808
anything,1804
ban,1781
hate,1765
hope,1754
family,1663
issue,1660
online,1637
zoom,1608
name,1581
word,1562
make,1536
let,1483
need,1480
age,1478
fruit,1444
load,1443
freeze,1425
update,1413
bye,1392
hack,1338
log,1312
cause,1306
bit,1263
device,1238
item,1226
blox,1220
call,1183
nothing,1179
someone,1165
character,1135
create,1133
start,1130
kind,1116
cuz,1104
thats,1097
internet,1086
look,1055
mobile,1046
date,1036
simulator,1013
password,1005
buy,994
button,992
plz,989
report,988
door,982
annoy,960
talk,958
cant,943
enjoy,930
pay,907
edit,907
tho,907
tycoon,894
type,882
pet,867
crash,865
daters,849
others,843
option,841
kinda,834
cost,828
clothes,827
review,826
computer,823
child,821
person,808
server,790
yeah,788
rating,783
hour,776
recommend,766
tablet,763
adopt,762
kick,756
bloxburg,739
school,732
brother,716
horror,707
jump,691
part,687
tag,681
house,674
month,673
stop,672
place,670
tell,663
platform,663
gon,655
think,652
anyone,642
soo,636
show,623
see,618
creator,617
wifi,616
example,611
opinion,610
chat,607
idk,606
user,596
add,591
job,587
sister,580
today,577
number,575
super,568
interest,567
home,566
voice,563
error,563
mean,557
fact,555
cousin,551
car,545
mom,536
toxic,530
week,529
bore,524
feel,520
wow,520
community,518
face,517
man,515
scammer,513
connection,508
sound,498
minecraft,497
lol,495
btw,493
wait,486
press,475
wan,474
quality,471
roleplay,470
price,470
role,468
parent,464
ppl,464
hello,463
variety,462
laggy,457
tower,456
request,455
bro,454
hey,453
minute,453
night,453
idea,446
turn,441
control,439
ton,439
hell,436
feature,424
store,418
end,417
walk,417
sorry,412
obby,411
adventure,411
brookhaven,409
meet,406
code,404
group,402
shirt,402
hair,395
system,394
girl,392
chromebook,390
acc,388
studio,387
event,384
wish,383
fav,381
click,373
care,371
card,371
delete,367
space,366
rejoin,364
clothing,364
anyways,363
keep,362
block,361
watch,358
choice,358
thx,356
developer,355
adult,353
amount,345
data,342
rat,341
mind,341
ask,341
disconnect,340
dress,337
murder,335
son,335
story,334
slenders,332
message,332
check,331
install,331
storage,321
search,320
god,319
rainbow,319
bacon,316
daughter,315
support,315
fan,314
hai,313
bedwars,313
youtube,312
point,310
outfit,309
waste,308
sooo,308
childhood,304
mystery,302
que,301
skin,300
dad,298
entertain,296
give,296
okay,296
owner,294
lock,293
dream,291
video,291
sign,291
hang,289
freinds,289
glitchy,288
everybody,288
everytime,284
awesome,283
xbox,282
plss,276
bunch,273
email,273
moderation,271
comment,267
right,266
yes,266
saya,263
morning,262
map,262
shop,261
menu,260
team,259
scam,259
realy,259
matter,258
donate,257
stay,256
version,255
etc,254
know,252
choose,249
wont,248
addict,247
break,245
die,244
city,244
ipad,244
side,242
guess,242
memory,239
logo,238
boy,237
dragon,236
meepcity,235
take,235
obbys,235
sim,233
fire,232
ini,232
oof,232
aku,230
joystick,227
robox,227
mode,225
want,224
color,222
fine,221
purchase,220
gift,219
rubox,218
enter,217
perfect,217
youtubers,216
customize,216
yea,216
pick,215
picture,215
trust,215
style,214
restart,214
chance,213
yall,212
reading,211
dollar,209
nice,209
war,208
good,207
network,207
currency,205
hand,205
fight,204
omg,203
rest,202
juego,200
design,199
rubux,199
half,198
obbies,198
escape,198
country,198
trouble,196
multiplayer,195
mine,194
favorite,194
google,193
mini,192
action,191
understand,190
bagus,189
login,189
refund,188
android,188
tapi,188
couple,187
doesnt,187
soooo,187
battle,186
exit,186
question,185
cute,185
profile,185
samsung,184
berry,184
cry,184
complaint,182
speed,182
youtuber,180
pero,180
room,180
verification,180
heart,179
sort,178
company,177
learn,177
imagination,176
rule,176
exploiter,175
premium,175
didnt,175
fault,173
hood,173
level,172
tysm,171
creativity,171
ruin,170
gliches,170
suck,170
dan,170
head,170
min,170
baby,167
gameplay,167
pas,167
member,165
david,164
ang,164
information,163
deal,163
list,163
race,162
book,162
cat,162
random,162
bruh,161
power,160
mad,159
luck,159
birthday,158
text,158
channel,158
pop,158
dis,156
tbh,155
kill,155
quit,153
sangat,153
self,151
favourite,151
miss,151
genre,151
bar,150
beg,150
page,149
respond,149
win,149
step,149
trade,148
fall,148
limit,147
language,147
username,146
animation,146
share,145
pass,144
happens,143
tomorrow,142
send,141
find,141
progress,141
put,140
catalog,140
reset,140
rude,140
egg,139
course,139
body,138
mess,138
piece,137
football,136
scroll,136
awsome,135
music,134
happen,134
thousand,134
club,134
christmas,133
bring,132
oder,132
suka,131
sometimes,131
challenge,131
buying,131
future,129
filter,129
drive,129
somebody,128
top,128
horse,128
content,127
come,127
fashion,127
stress,126
run,126
forget,126
muy,125
upgrade,125
detail,125
scar,124
duper,124
view,123
bless,123
anybody,123
accessory,123
sense,123
offline,122
stranger,122
witch,122
joy,122
con,121
force,121
eye,120
cheat,120
ill,120
iphone,120
build,120
yesterday,120
banyak,119
credit,119
mouse,119
explore,118
post,118
slender,118
wonder,117
order,117
auto,117
gacha,117
piggy,116
peace,116
plsss,116
sooooo,116
well,116
party,115
censor,115
eat,114
icon,114
mod,114
connect,113
sad,113
weekend,112
box,112
board,112
robot,112
yang,112
bot,112
evade,111
max,111
suggestion,111
warn,111
battery,111
appreciate,111
boleh,111
moment,111
security,110
trash,109
tire,109
afford,109
somtimes,108
facility,108
epic,107
display,107
act,107
task,107
becuase,106
death,105
service,105
imagine,105
apple,105
yay,105
sus,105
blah,105
parkour,104
gamer,104
nobody,104
dater,103
promise,103
teach,103
hop,103
weird,102
band,102
banget,102
building,102
cam,102
brook,102
boring,102
dance,101
solve,101
shut,101
rotate,100
access,100
fly,100
grow,99
tab,99
copy,99
entertainment,98
gamepasses,98
notice,97
wise,97
none,97
mention,97
killer,96
graphic,96
relax,96
activity,96
hide,96
tak,96
inappropriate,95
difficulty,95
dosent,95
reinstall,95
ada,95
till,94
movement,94
earn,94
curse,94
spend,94
gam,94
figure,93
communicate,93
dude,93
hehe,93
ball,93
bloxfruit,92
diffrent,92
gun,92
everyday,91
history,91
dog,91
admin,91
lie,91
forever,91
effort,91
acount,91
para,90
direction,90
troll,89
complain,89
bullying,89
ako,89
spell,89
hangout,89
survival,89
base,88
bother,88
confuse,88
crazy,87
shift,87
ride,87
island,87
rage,87
bobux,87
atleast,86
seru,86
anime,86
site,86
reward,85
rip,85
teenager,85
line,85
finger,85
thankyou,85
prison,85
tap,85
aswell,85
minigames,85
royal,84
zombie,84
switch,84
devs,84
shoot,84
ganda,84
clicker,84
beacuse,83
hashtags,83
bff,83
luv,83
bat,83
spent,83
bahut,83
bee,82
pant,82
soooooo,81
news,81
iam,81
possibility,81
business,81
case,81
hole,80
application,80
range,80
customise,80
flaw,80
haha,80
say,80
noob,80
rbx,80
prob,80
cuss,79
avater,79
cringe,79
song,79
worth,79
class,78
jailbreak,78
gay,78
recomend,78
remove,77
hospital,77
fast,77
bisa,77
food,77
paint,77
byee,77
contact,77
feedback,76
park,76
note,76
simulation,76
letter,75
slay,75
coin,75
cheater,75
rblx,75
deserve,75
tiktok,75
improvement,75
goodbye,74
write,74
area,74
livetopia,74
beat,74
ignore,74
test,73
blood,73
drop,73
regret,73
trip,73
sure,73
form,72
woman,72
laptop,72
creation,71
frustrate,71
position,71
notification,71
bhi,71
trading,71
glad,70
lil,70
headless,70
este,69
category,69
corporation,69
gamepass,69
whats,69
deserves,69
record,69
spending,69
floor,69
plea,69
youre,69
size,69
inventory,69
pizza,69
men,69
opportunity,68
earth,68
freak,68
skill,68
subscribe,68
legend,68
ram,68
gamers,68
jogo,68
laro,68
fusion,67
classmate,67
heard,67
charge,67
insane,67
robuxs,67
chrome,67
beta,67
read,66
launch,66
section,66
swarm,66
ect,66
multi,66
saw,66
water,66
maker,65
isnt,65
visit,65
verify,65
chill,65
tone,64
mistake,64
theme,64
boom,64
solution,64
reply,64
answer,64
verry,64
sit,64
funny,63
controller,63
besides,63
tha,63
reccomend,63
grade,63
town,63
decorate,62
hunt,62
leg,62
become,62
reality,62
maganda,62
bank,62
racist,62
movie,62
vehicle,62
describe,62
heat,61
plzz,61
info,61
por,60
address,60
release,60
bintang,60
safety,60
keyboard,60
gane,59
grate,59
ability,59
plssss,59
obsess,59
selection,59
badge,59
period,59
road,59
combat,58
fill,58
worry,58
legacy,58
reconnect,58
jenna,57
math,57
creater,57
rock,57
geme,57
heck,57
bueno,57
sooooooo,57
spray,57
ben,57
wall,57
ground,57
sale,57
wen,57
holiday,57
beacause,57
state,56
discover,56
pic,56
lagi,56
robucks,56
angle,55
happend,55
speak,55
damn,55
bagi,55
violence,55
bcs,55
becuse,55
attack,55
virus,55
robloxs,55
effect,55
idc,55
dia,55
joke,55
sentence,55
touch,55
halloween,55
jumping,54
grind,54
havent,54
abt,53
juegos,53
defense,53
cooler,53
return,53
regard,53
byeee,53
meeting,53
inspire,53
frends,53
sub,53
downloads,52
non,52
glich,52
poop,52
hero,52
ist,52
wear,52
cut,52
empire,52
creat,52
photo,52
concern,52
pause,52
rob,51
fps,51
cover,51
sell,51
seek,51
bed,51
flee,51
sum,51
builderman,51
suit,51
mood,51
somethings,50
express,50
website,50
bcuz,50
second,50
process,50
window,50
tix,49
creepy,49
match,49
moblie,49
fair,49
asap,49
jadi,49
alt,49
whith,49
thes,49
lose,49
allot,49
bcz,49
mother,49
monster,49
duty,49
thingy,49
aur,49
cop,49
bet,49
aka,48
disconnection,48
pretty,48
gusta,48
engine,48
buggy,48
count,48
muito,48
offer,48
lah,48
explain,48
sebab,48
dealership,48
draw,48
season,47
teen,47
train,47
shout,47
term,47
besties,47
glitching,47
wife,47
spider,47
millons,47
ten,47
sport,47
builder,47
pokemon,47
tip,47
careful,47
irl,47
response,47
blame,47
scamers,47
beautiful,47
ice,46
grammar,46
